ConcernCode,Name,Street,Nr,ZIP,City
3VXYBDRR9H,ContactZorg BV,Bloemendaalseweg,273,2051 GE,Overveen
3VZ43HM6X4,BAVEL & Partners B.V.,Maanlander,47,3824MN,Amersfoort
3VZWVGFYBM,Gezinshuis de Bloesem  (VoF),Veenkade,10,2742 BM,Waddinxveen
3VYHTQ3WG8,Gezinshuis Harteman V.O.F.,Slangenburg,50,3772 LV,BARNEVELD
3Y4KJD4SYR,Handenzorg (bv),Strevelsweg,64,3075 AL,Rotterdam
3QEKG444MT,MOHSA (Stichting),Buitenlust,35,5803 AZ,VENRAY
3XJZEDFYQE,O'Thuiszorg BV,Loosduinseweg,85,2571 AA,'s-Gravenhage
3VH7943EPY,Stichting Doof & Co,Churchilllaan,43,1078DE,AMSTERDAM
3XJ232ZEDFYAE,MOHSA b.V,Paulinastraat,84,2595 GK,Den Haag
3VD8843EPY,Stichting bv.,Mariastraat,29,4812DG,Tilburg
